{"events":[{"definition":"1724175590-576","event_id":"dialogic_014","operation":"=","random_upper_limit":100,"set_random":false,"set_value":"1"},{"background":"res://assets/background.png","event_id":"dialogic_021"},{"audio_bus":"Master","background-music":"play","event_id":"dialogic_031","event_name":"BackgroundMusic","fade_length":1,"file":"","volume":0},{"animation":"1-fade_in.gd","animation_length":0,"change_mirror_portrait":false,"change_z_index":false,"character":"character-1724098173.json","event_id":"dialogic_002","mirror_portrait":false,"portrait":"Default","portrait_definition":"","position":{"0":false,"1":true,"2":false,"3":false,"4":false},"type":0,"z_index":0},{"character":"character-1724098173.json","event_id":"dialogic_001","localization_id":"WIN4_TEXT_4_0","portrait":"shieldwarrior_portrait2","text":"Something big is coming..."},{"animation":"5-fade_out_down.gd","animation_length":1,"change_mirror_portrait":false,"change_z_index":false,"character":"character-1724098173.json","event_id":"dialogic_002","mirror_portrait":false,"portrait":"","portrait_definition":"","position":{"0":false,"1":false,"2":false,"3":false,"4":false},"type":1,"z_index":0},{"animation":"[Default]","animation_length":0,"change_mirror_portrait":false,"change_z_index":false,"character":"character-1724095471.json","event_id":"dialogic_002","mirror_portrait":false,"portrait":"Default","portrait_definition":"","position":{"0":false,"1":false,"2":true,"3":false,"4":false},"type":0,"z_index":0},{"character":"character-1724095471.json","event_id":"dialogic_001","localization_id":"WIN4_TEXT_7_1","portrait":"Smile","text":"That's it we have attracted a repeater. You will have to fight it. "},{"animation":"heartbeat.gd","animation_length":1,"change_mirror_portrait":false,"change_position":false,"change_z_index":false,"character":"character-1724095471.json","event_id":"dialogic_002","mirror_portrait":false,"portrait":"(Don't change)","portrait_definition":"","position":{"0":false,"1":false,"2":false,"3":false,"4":false},"type":2,"z_index":0},{"character":"character-1724095471.json","event_id":"dialogic_001","localization_id":"WIN4_TEXT_9_2","portrait":"Default","text":"Please win the fight and we will have acomplished our objective."}],"metadata":{"dialogic-version":"1.5.1","file":"timeline-1732189665.json","name":"win4"}}