{"events":[{"definition":"1724175590-576","event_id":"dialogic_014","operation":"=","random_upper_limit":100,"set_random":false,"set_value":"1"},{"background":"res://assets/background.png","event_id":"dialogic_021"},{"audio_bus":"Master","background-music":"play","event_id":"dialogic_031","event_name":"BackgroundMusic","fade_length":1,"file":"","volume":0},{"animation":"2-fade_in_up.gd","animation_length":1,"animation_wait":false,"change_mirror_portrait":false,"change_z_index":false,"character":"character-1724250129.json","event_id":"dialogic_002","mirror_portrait":false,"portrait":"Default","portrait_definition":"","position":{"0":false,"1":true,"2":false,"3":false,"4":false},"type":0,"z_index":0},{"character":"character-1724250129.json","event_id":"dialogic_001","localization_id":"WIN1_TEXT_4_0","portrait":"","text":"Wow that carnage was awesome."},{"animation":"2-fade_in_up.gd","animation_length":1,"change_mirror_portrait":false,"change_z_index":false,"character":"character-1724095471.json","event_id":"dialogic_002","mirror_portrait":false,"portrait":"Default","portrait_definition":"","position":{"0":false,"1":false,"2":false,"3":false,"4":true},"type":0,"z_index":0},{"character":"character-1724095471.json","event_id":"dialogic_001","localization_id":"WIN1_TEXT_6_1","portrait":"Default","text":"Thats true."},{"animation":"pulse.gd","animation_length":1,"change_mirror_portrait":false,"change_position":false,"change_z_index":false,"character":"character-1724095471.json","event_id":"dialogic_002","mirror_portrait":false,"portrait":"(Don't change)","portrait_definition":"","position":{"0":false,"1":false,"2":false,"3":false,"4":false},"type":2,"z_index":0},{"character":"character-1724095471.json","event_id":"dialogic_001","localization_id":"WIN1_TEXT_8_2","portrait":"Smile","text":"Also some bugs are starting to call you the PILLAGER."},{"animation":"wobble.gd","animation_length":1,"change_mirror_portrait":false,"change_position":false,"change_z_index":false,"character":"character-1724095471.json","event_id":"dialogic_002","mirror_portrait":false,"portrait":"(Don't change)","portrait_definition":"","position":{"0":false,"1":false,"2":false,"3":false,"4":false},"type":2,"z_index":0},{"character":"character-1724095471.json","event_id":"dialogic_001","localization_id":"WIN1_TEXT_10_3","portrait":"Default","text":"This fame will surelly benefit us."},{"animation":"4-fade_out.gd","animation_length":1,"change_mirror_portrait":false,"change_z_index":false,"character":"character-1724250129.json","event_id":"dialogic_002","mirror_portrait":false,"portrait":"","portrait_definition":"","position":{"0":false,"1":false,"2":false,"3":false,"4":false},"type":1,"z_index":0},{"animation":"[Default]","animation_length":0,"change_mirror_portrait":false,"change_z_index":false,"character":"character-1724098173.json","event_id":"dialogic_002","mirror_portrait":false,"portrait":"Default","portrait_definition":"","position":{"0":false,"1":true,"2":false,"3":false,"4":false},"type":0,"z_index":0},{"character":"character-1724098173.json","event_id":"dialogic_001","localization_id":"WIN1_TEXT_13_4","portrait":"Default","text":"I see you can be usefull sometimes. "},{"animation":"wobble.gd","animation_length":1,"change_mirror_portrait":false,"change_position":false,"change_z_index":false,"character":"character-1724098173.json","event_id":"dialogic_002","mirror_portrait":false,"portrait":"(Don't change)","portrait_definition":"","position":{"0":false,"1":false,"2":false,"3":false,"4":false},"type":2,"z_index":0},{"character":"character-1724098173.json","event_id":"dialogic_001","localization_id":"WIN1_TEXT_15_5","portrait":"shieldwarrior_portrait2","text":"But you will have to kill more bugs to keep that fame up."},{"definition":"1724175590-576","event_id":"dialogic_014","operation":"=","random_upper_limit":100,"set_random":false,"set_value":"0"}],"metadata":{"dialogic-version":"1.5.1","file":"timeline-1726069751.json","name":"win1"}}