{"events":[{"definition":"1724175590-576","event_id":"dialogic_014","operation":"=","random_upper_limit":100,"set_random":false,"set_value":"1"},{"background":"res://assets/background.png","event_id":"dialogic_021"},{"audio_bus":"Master","background-music":"play","event_id":"dialogic_031","event_name":"BackgroundMusic","fade_length":1,"file":"","volume":0},{"animation":"[Default]","animation_length":0,"change_mirror_portrait":false,"change_z_index":false,"character":"character-1724250129.json","event_id":"dialogic_002","mirror_portrait":false,"portrait":"Default","portrait_definition":"","position":{"0":false,"1":true,"2":false,"3":false,"4":false},"type":0,"z_index":0},{"character":"character-1724250129.json","event_id":"dialogic_001","localization_id":"WIN3_TEXT_4_0","portrait":"Default","text":"..."},{"animation":"heartbeat.gd","animation_length":1,"change_mirror_portrait":false,"change_position":false,"change_z_index":false,"character":"character-1724250129.json","event_id":"dialogic_002","mirror_portrait":false,"portrait":"(Don't change)","portrait_definition":"","position":{"0":false,"1":false,"2":false,"3":false,"4":false},"type":2,"z_index":0},{"character":"character-1724250129.json","event_id":"dialogic_001","localization_id":"WIN3_TEXT_6_1","portrait":"guard2_portrait2","text":"I love that smell of bug blood..."},{"animation":"[Default]","animation_length":0,"change_mirror_portrait":false,"change_z_index":false,"character":"character-1724250136.json","event_id":"dialogic_002","mirror_portrait":false,"portrait":"Default","portrait_definition":"","position":{"0":false,"1":false,"2":true,"3":false,"4":false},"type":0,"z_index":0},{"character":"character-1724250136.json","event_id":"dialogic_001","localization_id":"WIN3_TEXT_8_2","portrait":"Blink","text":"That's howk its donek!"},{"animation":"[Default]","animation_length":0,"change_mirror_portrait":false,"change_z_index":false,"character":"character-1724250136.json","event_id":"dialogic_002","mirror_portrait":false,"portrait":"","portrait_definition":"","position":{"0":false,"1":false,"2":false,"3":false,"4":false},"type":1,"z_index":0},{"animation":"[Default]","animation_length":0,"change_mirror_portrait":false,"change_z_index":false,"character":"character-1724250129.json","event_id":"dialogic_002","mirror_portrait":false,"portrait":"","portrait_definition":"","position":{"0":false,"1":false,"2":false,"3":false,"4":false},"type":1,"z_index":0},{"animation":"[Default]","animation_length":0,"change_mirror_portrait":false,"change_z_index":false,"character":"character-1724098173.json","event_id":"dialogic_002","mirror_portrait":false,"portrait":"Default","portrait_definition":"","position":{"0":false,"1":true,"2":false,"3":false,"4":false},"type":0,"z_index":0},{"character":"character-1724098173.json","event_id":"dialogic_001","localization_id":"WIN3_TEXT_12_3","portrait":"shieldwarrior_portrait2","text":"My sister seems proud of the work you are doing here."},{"animation":"[Default]","animation_length":0,"change_mirror_portrait":false,"change_z_index":false,"character":"character-1724095471.json","event_id":"dialogic_002","mirror_portrait":false,"portrait":"Default","portrait_definition":"","position":{"0":false,"1":false,"2":false,"3":false,"4":true},"type":0,"z_index":0},{"character":"character-1724095471.json","event_id":"dialogic_001","localization_id":"WIN3_TEXT_14_4","portrait":"Ritual","text":"It is really paying off. "},{"animation":"pulse.gd","animation_length":1,"change_mirror_portrait":false,"change_position":false,"change_z_index":false,"character":"character-1724095471.json","event_id":"dialogic_002","mirror_portrait":false,"portrait":"(Don't change)","portrait_definition":"","position":{"0":false,"1":false,"2":false,"3":false,"4":false},"type":2,"z_index":0},{"character":"character-1724095471.json","event_id":"dialogic_001","localization_id":"WIN3_TEXT_16_5","portrait":"Smile","text":"All this bug blood may attract a repeater. "},{"animation":"headshake.gd","animation_length":1,"change_mirror_portrait":false,"change_position":false,"change_z_index":false,"character":"character-1724098173.json","event_id":"dialogic_002","mirror_portrait":false,"portrait":"(Don't change)","portrait_definition":"","position":{"0":false,"1":false,"2":false,"3":false,"4":false},"type":2,"z_index":0},{"character":"character-1724098173.json","event_id":"dialogic_001","localization_id":"WIN3_TEXT_18_6","portrait":"shieldwarrior_portrait2","text":"Kepp covering the caverns with bug corpses and we will be good."},{"definition":"1724175590-576","event_id":"dialogic_014","operation":"=","random_upper_limit":100,"set_random":false,"set_value":"0"}],"metadata":{"dialogic-version":"1.5.1","file":"timeline-1726345479.json","name":"win3"}}