{"events":[{"definition":"1724175590-576","event_id":"dialogic_014","operation":"=","random_upper_limit":100,"set_random":false,"set_value":"1"},{"background":"res://assets/background.png","event_id":"dialogic_021"},{"audio_bus":"Master","background-music":"play","event_id":"dialogic_031","event_name":"BackgroundMusic","fade_length":1,"file":"res://assets/sounds/dialog_shield.mp3","volume":0},{"animation":"2-fade_in_up.gd","animation_length":1,"change_mirror_portrait":false,"change_z_index":false,"character":"character-1724098173.json","event_id":"dialogic_002","mirror_portrait":false,"portrait":"Default","portrait_definition":"","position":{"0":false,"1":true,"2":false,"3":false,"4":false},"type":0,"z_index":0},{"character":"character-1724098173.json","event_id":"dialogic_001","localization_id":"SHIELD1_TEXT_4_0","portrait":"","text":"Why did my sister accept that task..."},{"animation":"headshake.gd","animation_length":1,"change_mirror_portrait":false,"change_position":false,"change_z_index":false,"character":"character-1724098173.json","event_id":"dialogic_002","mirror_portrait":false,"portrait":"(Don't change)","portrait_definition":"","position":{"0":false,"1":false,"2":false,"3":false,"4":false},"type":2,"z_index":0},{"character":"character-1724098173.json","event_id":"dialogic_010","localization_id":"SHIELD1_QUESTION_6_1","options":[],"portrait":"shieldwarrior_portrait2","question":"What do you want puppet?"},{"choice":"- Is the puppetpriest your sister?","condition":"","definition":"","event_id":"dialogic_011","localization_id":"SHIELD1_CHOICE_7_2","value":""},{"character":"character-1724098173.json","event_id":"dialogic_001","localization_id":"SHIELD1_TEXT_8_3","portrait":"","text":"Her name is Ilyana Cajeon"},{"character":"character-1724098173.json","event_id":"dialogic_001","localization_id":"SHIELD1_TEXT_9_4","portrait":"Default","text":"and yes I am her sister, Meira Cajeon."},{"animation":"tada.gd","animation_length":1,"change_mirror_portrait":false,"change_position":false,"change_z_index":false,"character":"character-1724098173.json","event_id":"dialogic_002","mirror_portrait":false,"portrait":"(Don't change)","portrait_definition":"","position":{"0":false,"1":false,"2":false,"3":false,"4":false},"type":2,"z_index":0},{"character":"character-1724098173.json","event_id":"dialogic_001","localization_id":"SHIELD1_TEXT_11_5","portrait":"","text":"Just so you know I am here to protect her"},{"animation":"headshake.gd","animation_length":1,"change_mirror_portrait":false,"change_position":false,"change_z_index":false,"character":"character-1724098173.json","event_id":"dialogic_002","mirror_portrait":false,"portrait":"(Don't change)","portrait_definition":"","position":{"0":false,"1":false,"2":false,"3":false,"4":false},"type":2,"z_index":0},{"character":"character-1724098173.json","event_id":"dialogic_001","localization_id":"SHIELD1_TEXT_13_6","portrait":"shieldwarrior_portrait3","text":"From the Swarm but also from you."},{"animation":"heartbeat.gd","animation_length":1,"change_mirror_portrait":false,"change_position":false,"change_z_index":false,"character":"character-1724098173.json","event_id":"dialogic_002","mirror_portrait":false,"portrait":"(Don't change)","portrait_definition":"","position":{"0":false,"1":false,"2":false,"3":false,"4":false},"type":2,"z_index":0},{"character":"character-1724098173.json","event_id":"dialogic_001","localization_id":"SHIELD1_TEXT_15_7","portrait":"shieldwarrior_portrait2","text":"I know how dangerous puppets are."},{"choice":"- What is a puppet?","condition":"","definition":"","event_id":"dialogic_011","localization_id":"SHIELD1_CHOICE_16_8","value":""},{"animation":"heartbeat.gd","animation_length":1,"change_mirror_portrait":false,"change_position":false,"change_z_index":false,"character":"character-1724098173.json","event_id":"dialogic_002","mirror_portrait":false,"portrait":"(Don't change)","portrait_definition":"","position":{"0":false,"1":false,"2":false,"3":false,"4":false},"type":2,"z_index":0},{"character":"character-1724098173.json","event_id":"dialogic_001","localization_id":"SHIELD1_TEXT_18_9","portrait":"shieldwarrior_portrait2","text":"A puppet is what you are duh."},{"animation":"headshake.gd","animation_length":0,"change_mirror_portrait":false,"change_position":false,"change_z_index":false,"character":"character-1724098173.json","event_id":"dialogic_002","mirror_portrait":false,"portrait":"(Don't change)","portrait_definition":"","position":{"0":false,"1":false,"2":false,"3":false,"4":false},"type":2,"z_index":0},{"character":"character-1724098173.json","event_id":"dialogic_001","localization_id":"SHIELD1_TEXT_20_10","portrait":"Default","text":"Well you are basicaly like a living armor."},{"character":"character-1724098173.json","event_id":"dialogic_001","localization_id":"SHIELD1_TEXT_21_11","portrait":"shieldwarrior_portrait2","text":"A dangerous and backstabbing entity bond to some clothes."},{"animation":"heartbeat.gd","animation_length":1,"change_mirror_portrait":false,"change_position":false,"change_z_index":false,"character":"character-1724098173.json","event_id":"dialogic_002","mirror_portrait":false,"portrait":"(Don't change)","portrait_definition":"","position":{"0":false,"1":false,"2":false,"3":false,"4":false},"type":2,"z_index":0},{"character":"character-1724098173.json","event_id":"dialogic_001","localization_id":"SHIELD1_TEXT_23_12","portrait":"shieldwarrior_portrait3","text":"And ill put you down if I need to."},{"animation":"tada.gd","animation_length":1,"change_mirror_portrait":false,"change_position":false,"change_z_index":false,"character":"character-1724098173.json","event_id":"dialogic_002","mirror_portrait":false,"portrait":"(Don't change)","portrait_definition":"","position":{"0":false,"1":false,"2":false,"3":false,"4":false},"type":2,"z_index":0},{"character":"character-1724098173.json","event_id":"dialogic_001","localization_id":"SHIELD1_TEXT_25_13","portrait":"shieldwarrior_portrait2","text":"So don't cause any trouble."},{"choice":"- Nothing","condition":"","definition":"","event_id":"dialogic_011","localization_id":"SHIELD1_CHOICE_26_14","value":""},{"animation":"heartbeat.gd","animation_length":1,"change_mirror_portrait":false,"change_position":false,"change_z_index":false,"character":"character-1724098173.json","event_id":"dialogic_002","mirror_portrait":false,"portrait":"(Don't change)","portrait_definition":"","position":{"0":false,"1":false,"2":false,"3":false,"4":false},"type":2,"z_index":0},{"character":"character-1724098173.json","event_id":"dialogic_001","localization_id":"SHIELD1_TEXT_28_15","portrait":"shieldwarrior_portrait3","text":"Huh so stop anoying me."},{"animation":"tada.gd","animation_length":1,"change_mirror_portrait":false,"change_position":false,"change_z_index":false,"character":"character-1724098173.json","event_id":"dialogic_002","mirror_portrait":false,"portrait":"(Don't change)","portrait_definition":"","position":{"0":false,"1":false,"2":false,"3":false,"4":false},"type":2,"z_index":0},{"character":"character-1724098173.json","event_id":"dialogic_001","localization_id":"SHIELD1_TEXT_30_16","portrait":"shieldwarrior_portrait2","text":"Just go into the caverns and kill some bugs."},{"event_id":"dialogic_013"},{"definition":"1724175590-576","event_id":"dialogic_014","operation":"=","random_upper_limit":100,"set_random":false,"set_value":"0"},{"event_id":"dialogic_022","transition_duration":1}],"metadata":{"dialogic-version":"1.5.1","file":"timeline-1724432986.json","name":"shield1"}}