{
	"events": [
		{
			"definition": "1724175590-576",
			"event_id": "dialogic_014",
			"operation": "=",
			"random_upper_limit": 100,
			"set_random": false,
			"set_value": "1"
		},
		{
			"background": "res://assets/background.png",
			"event_id": "dialogic_021"
		},
		{
			"animation": "2-fade_in_up.gd",
			"animation_length": 0,
			"change_mirror_portrait": false,
			"change_z_index": false,
			"character": "character-1724250136.json",
			"event_id": "dialogic_002",
			"mirror_portrait": false,
			"portrait": "Default",
			"portrait_definition": "",
			"position": {
				"0": false,
				"1": true,
				"2": false,
				"3": false,
				"4": false
			},
			"type": 0,
			"z_index": 0
		},
		{
			"character": "character-1724250136.json",
			"event_id": "dialogic_001",
			"portrait": "",
			"text": "You are getting better at this!"
		},
		{
			"animation": "2-fade_in_up.gd",
			"animation_length": 0,
			"change_mirror_portrait": false,
			"change_z_index": false,
			"character": "character-1724095471.json",
			"event_id": "dialogic_002",
			"mirror_portrait": false,
			"portrait": "Default",
			"portrait_definition": "",
			"position": {
				"0": false,
				"1": false,
				"2": false,
				"3": false,
				"4": true
			},
			"type": 0,
			"z_index": 0
		},
		{
			"character": "character-1724095471.json",
			"event_id": "dialogic_001",
			"portrait": "Default",
			"text": "With every bug you crush your fame grows."
		},
		{
			"animation": "pulse.gd",
			"animation_length": 1,
			"change_mirror_portrait": false,
			"change_position": false,
			"change_z_index": false,
			"character": "character-1724095471.json",
			"event_id": "dialogic_002",
			"mirror_portrait": false,
			"portrait": "(Don't change)",
			"portrait_definition": "",
			"position": {
				"0": false,
				"1": false,
				"2": false,
				"3": false,
				"4": false
			},
			"type": 2,
			"z_index": 0
		},
		{
			"character": "character-1724095471.json",
			"event_id": "dialogic_001",
			"portrait": "Smile",
			"text": "And that is what we are here for."
		},
		{
			"character": "character-1724095471.json",
			"event_id": "dialogic_001",
			"portrait": "Smile",
			"text": "Good job!"
		},
		{
			"animation": "5-fade_out_down.gd",
			"animation_length": 0,
			"change_mirror_portrait": false,
			"change_z_index": false,
			"character": "character-1724250136.json",
			"event_id": "dialogic_002",
			"mirror_portrait": false,
			"portrait": "",
			"portrait_definition": "",
			"position": {
				"0": false,
				"1": false,
				"2": false,
				"3": false,
				"4": false
			},
			"type": 1,
			"z_index": 0
		},
		{
			"animation": "2-fade_in_up.gd",
			"animation_length": 0,
			"change_mirror_portrait": false,
			"change_z_index": false,
			"character": "character-1724098173.json",
			"event_id": "dialogic_002",
			"mirror_portrait": false,
			"portrait": "Default",
			"portrait_definition": "",
			"position": {
				"0": false,
				"1": true,
				"2": false,
				"3": false,
				"4": false
			},
			"type": 0,
			"z_index": 0
		},
		{
			"character": "character-1724098173.json",
			"event_id": "dialogic_001",
			"portrait": "Default",
			"text": "But don’t let it go to your head."
		},
		{
			"animation": "tada.gd",
			"animation_length": 1,
			"change_mirror_portrait": false,
			"change_position": false,
			"change_z_index": false,
			"character": "character-1724098173.json",
			"event_id": "dialogic_002",
			"mirror_portrait": false,
			"portrait": "(Don't change)",
			"portrait_definition": "",
			"position": {
				"0": false,
				"1": false,
				"2": false,
				"3": false,
				"4": false
			},
			"type": 2,
			"z_index": 0
		},
		{
			"character": "character-1724098173.json",
			"event_id": "dialogic_001",
			"portrait": "shieldwarrior_portrait2",
			"text": "You will need that fame to keep going up. "
		},
		{
			"animation": "pulse.gd",
			"animation_length": 1,
			"change_mirror_portrait": false,
			"change_position": false,
			"change_z_index": false,
			"character": "character-1724098173.json",
			"event_id": "dialogic_002",
			"mirror_portrait": false,
			"portrait": "(Don't change)",
			"portrait_definition": "",
			"position": {
				"0": false,
				"1": false,
				"2": false,
				"3": false,
				"4": false
			},
			"type": 2,
			"z_index": 0
		},
		{
			"character": "character-1724098173.json",
			"event_id": "dialogic_001",
			"portrait": "shieldwarrior_portrait2",
			"text": "But good job I guess..."
		},
		{
			"definition": "1724175590-576",
			"event_id": "dialogic_014",
			"operation": "=",
			"random_upper_limit": 100,
			"set_random": false,
			"set_value": "0"
		}
	],
	"metadata": {
		"dialogic-version": "1.5.1",
		"file": "timeline-1726147782.json",
		"name": "win2"
	}
}
