{
	"events": [
		{
			"definition": "1724175590-576",
			"event_id": "dialogic_014",
			"operation": "=",
			"random_upper_limit": 100,
			"set_random": false,
			"set_value": "1"
		},
		{
			"background": "res://assets/background.png",
			"event_id": "dialogic_021"
		},
		{
			"audio_bus": "Master",
			"background-music": "play",
			"event_id": "dialogic_031",
			"event_name": "BackgroundMusic",
			"fade_length": 1,
			"file": "res://assets/sounds/the-dance-of-the-toadquot-153665.mp3",
			"volume": 0
		},
		{
			"animation": "2-fade_in_up.gd",
			"animation_length": 0,
			"change_mirror_portrait": false,
			"change_z_index": false,
			"character": "character-1724250136.json",
			"event_id": "dialogic_002",
			"mirror_portrait": false,
			"portrait": "Default",
			"portrait_definition": "",
			"position": {
				"0": false,
				"1": false,
				"2": false,
				"3": false,
				"4": true
			},
			"type": 0,
			"z_index": 0
		},
		{
			"animation": "2-fade_in_up.gd",
			"animation_length": 0,
			"change_mirror_portrait": false,
			"change_z_index": false,
			"character": "character-1724250129.json",
			"event_id": "dialogic_002",
			"mirror_portrait": false,
			"portrait": "Default",
			"portrait_definition": "",
			"position": {
				"0": false,
				"1": true,
				"2": false,
				"3": false,
				"4": false
			},
			"type": 0,
			"z_index": 0
		},
		{
			"character": "character-1724250129.json",
			"event_id": "dialogic_001",
			"portrait": "",
			"text": "Hmmm hello puppet..."
		},
		{
			"animation": "pulse.gd",
			"animation_length": 1,
			"change_mirror_portrait": false,
			"change_position": false,
			"change_z_index": false,
			"character": "character-1724250136.json",
			"event_id": "dialogic_002",
			"mirror_portrait": false,
			"portrait": "(Don't change)",
			"portrait_definition": "",
			"position": {
				"0": false,
				"1": false,
				"2": false,
				"3": false,
				"4": false
			},
			"type": 2,
			"z_index": 0
		},
		{
			"character": "character-1724250136.json",
			"event_id": "dialogic_010",
			"options": [

			],
			"portrait": "Blink",
			"question": "Need anythingK?"
		},
		{
			"choice": "- Tell me about the outpost",
			"condition": "",
			"definition": "",
			"event_id": "dialogic_011",
			"value": ""
		},
		{
			"character": "character-1724250136.json",
			"event_id": "dialogic_001",
			"portrait": "Default",
			"text": "Well its just an outpostK with an entrance to the cavernsK."
		},
		{
			"animation": "wobble.gd",
			"animation_length": 1,
			"change_mirror_portrait": false,
			"change_position": false,
			"change_z_index": false,
			"character": "character-1724250129.json",
			"event_id": "dialogic_002",
			"mirror_portrait": false,
			"portrait": "(Don't change)",
			"portrait_definition": "",
			"position": {
				"0": false,
				"1": false,
				"2": false,
				"3": false,
				"4": false
			},
			"type": 2,
			"z_index": 0
		},
		{
			"character": "character-1724250129.json",
			"event_id": "dialogic_001",
			"portrait": "",
			"text": "Where our enemies reside,"
		},
		{
			"animation": "heartbeat.gd",
			"animation_length": 1,
			"change_mirror_portrait": false,
			"change_position": false,
			"change_z_index": false,
			"character": "character-1724250129.json",
			"event_id": "dialogic_002",
			"mirror_portrait": false,
			"portrait": "(Don't change)",
			"portrait_definition": "",
			"position": {
				"0": false,
				"1": false,
				"2": false,
				"3": false,
				"4": false
			},
			"type": 2,
			"z_index": 0
		},
		{
			"character": "character-1724250129.json",
			"event_id": "dialogic_001",
			"portrait": "guard2_portrait2",
			"text": "I will go in again to feast as soon as I recover."
		},
		{
			"animation": "pulse.gd",
			"animation_length": 1,
			"change_mirror_portrait": false,
			"change_position": false,
			"change_z_index": false,
			"character": "character-1724250136.json",
			"event_id": "dialogic_002",
			"mirror_portrait": false,
			"portrait": "(Don't change)",
			"portrait_definition": "",
			"position": {
				"0": false,
				"1": false,
				"2": false,
				"3": false,
				"4": false
			},
			"type": 2,
			"z_index": 0
		},
		{
			"character": "character-1724250136.json",
			"event_id": "dialogic_001",
			"portrait": "Default",
			"text": "ImK sure you willK."
		},
		{
			"choice": "- Tell me about the caverns",
			"condition": "",
			"definition": "",
			"event_id": "dialogic_011",
			"value": ""
		},
		{
			"character": "character-1724250136.json",
			"event_id": "dialogic_001",
			"portrait": "Default",
			"text": "The cavernsK are the home of bugs from the SwarmK."
		},
		{
			"animation": "pulse.gd",
			"animation_length": 1,
			"change_mirror_portrait": false,
			"change_position": false,
			"change_z_index": false,
			"character": "character-1724250129.json",
			"event_id": "dialogic_002",
			"mirror_portrait": false,
			"portrait": "(Don't change)",
			"portrait_definition": "",
			"position": {
				"0": false,
				"1": false,
				"2": false,
				"3": false,
				"4": false
			},
			"type": 2,
			"z_index": 0
		},
		{
			"character": "character-1724250129.json",
			"event_id": "dialogic_001",
			"portrait": "",
			"text": "We collect their very very precious shells and parts and feed them to ourselfs... "
		},
		{
			"animation": "tada.gd",
			"animation_length": 1,
			"change_mirror_portrait": false,
			"change_position": false,
			"change_z_index": false,
			"character": "character-1724250129.json",
			"event_id": "dialogic_002",
			"mirror_portrait": false,
			"portrait": "(Don't change)",
			"portrait_definition": "",
			"position": {
				"0": false,
				"1": false,
				"2": false,
				"3": false,
				"4": false
			},
			"type": 2,
			"z_index": 0
		},
		{
			"character": "character-1724250129.json",
			"event_id": "dialogic_001",
			"portrait": "guard2_portrait2",
			"text": "or to MOTHER NEST."
		},
		{
			"animation": "pulse.gd",
			"animation_length": 1,
			"change_mirror_portrait": false,
			"change_position": false,
			"change_z_index": false,
			"character": "character-1724250136.json",
			"event_id": "dialogic_002",
			"mirror_portrait": false,
			"portrait": "(Don't change)",
			"portrait_definition": "",
			"position": {
				"0": false,
				"1": false,
				"2": false,
				"3": false,
				"4": false
			},
			"type": 2,
			"z_index": 0
		},
		{
			"character": "character-1724250136.json",
			"event_id": "dialogic_001",
			"portrait": "Blink",
			"text": "Yeah soK thats how it isK."
		},
		{
			"choice": "- What are you?",
			"condition": "",
			"definition": "",
			"event_id": "dialogic_011",
			"value": ""
		},
		{
			"character": "character-1724250136.json",
			"event_id": "dialogic_001",
			"portrait": "Default",
			"text": "What do you meank?"
		},
		{
			"animation": "pulse.gd",
			"animation_length": 1,
			"change_mirror_portrait": false,
			"change_position": false,
			"change_z_index": false,
			"character": "character-1724250129.json",
			"event_id": "dialogic_002",
			"mirror_portrait": false,
			"portrait": "(Don't change)",
			"portrait_definition": "",
			"position": {
				"0": false,
				"1": false,
				"2": false,
				"3": false,
				"4": false
			},
			"type": 2,
			"z_index": 0
		},
		{
			"character": "character-1724250129.json",
			"event_id": "dialogic_001",
			"portrait": "guard2_portrait2",
			"text": "Well we are children of MOTHER NEST."
		},
		{
			"animation": "tada.gd",
			"animation_length": 1,
			"change_mirror_portrait": false,
			"change_position": false,
			"change_z_index": false,
			"character": "character-1724250136.json",
			"event_id": "dialogic_002",
			"mirror_portrait": false,
			"portrait": "(Don't change)",
			"portrait_definition": "",
			"position": {
				"0": false,
				"1": false,
				"2": false,
				"3": false,
				"4": false
			},
			"type": 2,
			"z_index": 0
		},
		{
			"character": "character-1724250136.json",
			"event_id": "dialogic_001",
			"portrait": "Blink",
			"text": "Yes, and the bugs inside the caverns are our natural enemies."
		},
		{
			"animation": "headshake.gd",
			"animation_length": 1,
			"change_mirror_portrait": false,
			"change_position": false,
			"change_z_index": false,
			"character": "character-1724250129.json",
			"event_id": "dialogic_002",
			"mirror_portrait": false,
			"portrait": "(Don't change)",
			"portrait_definition": "",
			"position": {
				"0": false,
				"1": false,
				"2": false,
				"3": false,
				"4": false
			},
			"type": 2,
			"z_index": 0
		},
		{
			"character": "character-1724250129.json",
			"event_id": "dialogic_001",
			"portrait": "Default",
			"text": "We are usually friendly to others..."
		},
		{
			"event_id": "dialogic_013"
		},
		{
			"definition": "1724175590-576",
			"event_id": "dialogic_014",
			"operation": "=",
			"random_upper_limit": 100,
			"set_random": false,
			"set_value": "0"
		},
		{
			"event_id": "dialogic_022",
			"transition_duration": 1
		}
	],
	"metadata": {
		"dialogic-version": "1.5.1",
		"file": "timeline-1724250114.json",
		"name": "guards"
	}
}
