{
	"events": [
		{
			"definition": "1724175590-576",
			"event_id": "dialogic_014",
			"operation": "=",
			"random_upper_limit": 100,
			"set_random": false,
			"set_value": "1"
		},
		{
			"background": "res://assets/background.png",
			"event_id": "dialogic_021"
		},
		{
			"audio_bus": "Master",
			"background-music": "play",
			"event_id": "dialogic_031",
			"event_name": "BackgroundMusic",
			"fade_length": 1,
			"file": "res://assets/sounds/dialog_ppriest.mp3",
			"volume": 0
		},
		{
			"animation": "2-fade_in_up.gd",
			"animation_length": 0,
			"change_mirror_portrait": false,
			"change_z_index": false,
			"character": "character-1724095471.json",
			"event_id": "dialogic_002",
			"mirror_portrait": false,
			"portrait": "Default",
			"portrait_definition": "",
			"position": {
				"0": false,
				"1": true,
				"2": false,
				"3": false,
				"4": false
			},
			"type": 0,
			"z_index": 0
		},
		{
			"character": "character-1724095471.json",
			"event_id": "dialogic_001",
			"localization_id": "PPRIEST_TEXT_4_0",
			"portrait": "",
			"text": "Greetings puppet!"
		},
		{
			"animation": "pulse.gd",
			"animation_length": 1,
			"change_mirror_portrait": false,
			"change_position": false,
			"change_z_index": false,
			"character": "character-1724095471.json",
			"event_id": "dialogic_002",
			"mirror_portrait": false,
			"portrait": "(Don't change)",
			"portrait_definition": "",
			"position": {
				"0": false,
				"1": false,
				"2": false,
				"3": false,
				"4": false
			},
			"type": 2,
			"z_index": 0
		},
		{
			"character": "character-1724095471.json",
			"event_id": "dialogic_010",
			"localization_id": "PPRIEST_QUESTION_6_1",
			"options": [

			],
			"portrait": "Smile",
			"question": "Do you have any questions for your summoner?"
		},
		{
			"choice": "- How did you learn to summon?",
			"condition": "",
			"definition": "",
			"event_id": "dialogic_011",
			"localization_id": "PPRIEST_CHOICE_7_2",
			"value": ""
		},
		{
			"character": "character-1724095471.json",
			"event_id": "dialogic_001",
			"localization_id": "PPRIEST_TEXT_8_3",
			"portrait": "Default",
			"text": "Well when I was young I joined the puppetpriests guild."
		},
		{
			"animation": "wobble.gd",
			"animation_length": 1,
			"change_mirror_portrait": false,
			"change_position": false,
			"change_z_index": false,
			"character": "character-1724095471.json",
			"event_id": "dialogic_002",
			"mirror_portrait": false,
			"portrait": "(Don't change)",
			"portrait_definition": "",
			"position": {
				"0": false,
				"1": false,
				"2": false,
				"3": false,
				"4": false
			},
			"type": 2,
			"z_index": 0
		},
		{
			"character": "character-1724095471.json",
			"event_id": "dialogic_001",
			"localization_id": "PPRIEST_TEXT_10_4",
			"portrait": "Ritual",
			"text": "There I learned to control and manifest the essence within me."
		},
		{
			"character": "character-1724095471.json",
			"event_id": "dialogic_001",
			"localization_id": "PPRIEST_TEXT_11_5",
			"portrait": "Ritual",
			"text": "And with more years of training and learning..."
		},
		{
			"character": "character-1724095471.json",
			"event_id": "dialogic_001",
			"localization_id": "PPRIEST_TEXT_12_6",
			"portrait": "Default",
			"text": "I learned how to summon a puppet or Vírhal sálëth as we say."
		},
		{
			"animation": "pulse.gd",
			"animation_length": 1,
			"change_mirror_portrait": false,
			"change_position": false,
			"change_z_index": false,
			"character": "character-1724095471.json",
			"event_id": "dialogic_002",
			"mirror_portrait": false,
			"portrait": "(Don't change)",
			"portrait_definition": "",
			"position": {
				"0": false,
				"1": false,
				"2": false,
				"3": false,
				"4": false
			},
			"type": 2,
			"z_index": 0
		},
		{
			"character": "character-1724095471.json",
			"event_id": "dialogic_001",
			"localization_id": "PPRIEST_TEXT_14_7",
			"portrait": "Smile",
			"text": "And as you know thats what you are."
		},
		{
			"choice": "- What is my task?",
			"condition": "",
			"definition": "",
			"event_id": "dialogic_011",
			"localization_id": "PPRIEST_CHOICE_15_8",
			"value": ""
		},
		{
			"animation": "wobble.gd",
			"animation_length": 1,
			"change_mirror_portrait": false,
			"change_position": false,
			"change_z_index": false,
			"character": "character-1724095471.json",
			"event_id": "dialogic_002",
			"mirror_portrait": false,
			"portrait": "(Don't change)",
			"portrait_definition": "",
			"position": {
				"0": false,
				"1": false,
				"2": false,
				"3": false,
				"4": false
			},
			"type": 2,
			"z_index": 0
		},
		{
			"character": "character-1724095471.json",
			"event_id": "dialogic_001",
			"localization_id": "PPRIEST_TEXT_17_9",
			"portrait": "Ritual",
			"text": "Your task is to gain essence."
		},
		{
			"character": "character-1724095471.json",
			"event_id": "dialogic_001",
			"localization_id": "PPRIEST_TEXT_18_10",
			"portrait": "Default",
			"text": "You gain it by freeing the bugs at the caverns."
		},
		{
			"animation": "pulse.gd",
			"animation_length": 1,
			"change_mirror_portrait": false,
			"change_position": false,
			"change_z_index": false,
			"character": "character-1724095471.json",
			"event_id": "dialogic_002",
			"mirror_portrait": false,
			"portrait": "(Don't change)",
			"portrait_definition": "",
			"position": {
				"0": false,
				"1": false,
				"2": false,
				"3": false,
				"4": false
			},
			"type": 2,
			"z_index": 0
		},
		{
			"character": "character-1724095471.json",
			"event_id": "dialogic_001",
			"localization_id": "PPRIEST_TEXT_20_11",
			"portrait": "Smile",
			"text": "You can enter the caverns through the big door on your left. "
		},
		{
			"event_id": "dialogic_013"
		},
		{
			"definition": "1724175590-576",
			"event_id": "dialogic_014",
			"operation": "=",
			"random_upper_limit": 100,
			"set_random": false,
			"set_value": "0"
		},
		{
			"event_id": "dialogic_022",
			"transition_duration": 1
		}
	],
	"metadata": {
		"dialogic-version": "1.5.1",
		"file": "timeline-1724623183.json",
		"name": "ppriest"
	}
}
