{"events":[{"animation":"[Default]","animation_length":0,"change_mirror_portrait":false,"change_z_index":false,"character":"character-1724250129.json","event_id":"dialogic_002","mirror_portrait":false,"portrait":"Default","portrait_definition":"","position":{"0":false,"1":true,"2":false,"3":false,"4":false},"type":0,"z_index":0},{"character":"","event_id":"dialogic_001","localization_id":"EXAMPLEE_TEXT_1_0","portrait":"","text":"helloooo"}],"metadata":{"dialogic-version":"1.5.1","file":"timeline-1725898107.json","name":"examplee"}}