{
	"events": [
		{
			"definition": "1724175590-576",
			"event_id": "dialogic_014",
			"operation": "=",
			"random_upper_limit": 100,
			"set_random": false,
			"set_value": "1"
		},
		{
			"background": "res://assets/background.png",
			"event_id": "dialogic_021",
			"fade_duration": 0
		},
		{
			"audio_bus": "Music",
			"background-music": "play",
			"event_id": "dialogic_031",
			"event_name": "BackgroundMusic",
			"fade_length": 1,
			"file": "res://assets/sounds/effect_sacralpad-109922 (1).mp3",
			"volume": -5
		},
		{
			"character": "character-1733006991.json",
			"event_id": "dialogic_001",
			"localization_id": "START_TEXT_3_0",
			"portrait": "",
			"text": "[wave]You feel every part of you come to life... "
		},
		{
			"animation": "[Default]",
			"animation_length": 0,
			"change_mirror_portrait": false,
			"change_z_index": false,
			"character": "character-1724095471.json",
			"event_id": "dialogic_002",
			"mirror_portrait": false,
			"portrait": "Default",
			"portrait_definition": "",
			"position": {
				"0": false,
				"1": false,
				"2": true,
				"3": false,
				"4": false
			},
			"type": 0,
			"z_index": 0
		},
		{
			"animation": "heartbeat.gd",
			"animation_length": 2,
			"change_mirror_portrait": false,
			"change_position": false,
			"change_z_index": false,
			"character": "character-1724095471.json",
			"event_id": "dialogic_002",
			"mirror_portrait": false,
			"portrait": "(Don't change)",
			"portrait_definition": "",
			"position": {
				"0": false,
				"1": false,
				"2": false,
				"3": false,
				"4": false
			},
			"type": 2,
			"z_index": 0
		},
		{
			"character": "character-1724095471.json",
			"event_id": "dialogic_001",
			"localization_id": "START_TEXT_6_1",
			"portrait": "Ritual",
			"text": "I summon you, puppet!!!"
		},
		{
			"audio": "play",
			"audio_bus": "Effects",
			"event_id": "dialogic_030",
			"event_name": "AudioEvent",
			"file": "res://assets/sounds/effect_summon.mp3",
			"volume": -5
		},
		{
			"audio_bus": "Master",
			"background-music": "play",
			"event_id": "dialogic_031",
			"event_name": "BackgroundMusic",
			"fade_length": 1,
			"file": "res://assets/sounds/dialog_ppriest.mp3",
			"volume": 0
		},
		{
			"animation": "wobble.gd",
			"animation_length": 1,
			"change_mirror_portrait": false,
			"change_position": false,
			"change_z_index": true,
			"character": "character-1724095471.json",
			"event_id": "dialogic_002",
			"mirror_portrait": false,
			"portrait": "(Don't change)",
			"portrait_definition": "",
			"position": {
				"0": false,
				"1": false,
				"2": true,
				"3": false,
				"4": false
			},
			"type": 2,
			"z_index": -1
		},
		{
			"character": "character-1724095471.json",
			"event_id": "dialogic_001",
			"localization_id": "START_TEXT_10_2",
			"portrait": "Smile",
			"text": "Greetings puppet I am your summoner. Ilyana Caijeon!!!"
		},
		{
			"character": "character-1724095471.json",
			"event_id": "dialogic_001",
			"localization_id": "START_TEXT_11_3",
			"portrait": "Default",
			"text": "This are the caverns and you have been tasked to defeat lots of bugs here."
		},
		{
			"animation": "wobble.gd",
			"animation_length": 1,
			"change_mirror_portrait": false,
			"change_position": false,
			"change_z_index": false,
			"character": "character-1724095471.json",
			"event_id": "dialogic_002",
			"mirror_portrait": false,
			"portrait": "(Don't change)",
			"portrait_definition": "",
			"position": {
				"0": false,
				"1": false,
				"2": false,
				"3": false,
				"4": false
			},
			"type": 2,
			"z_index": 0
		},
		{
			"character": "character-1724095471.json",
			"event_id": "dialogic_001",
			"localization_id": "START_TEXT_13_4",
			"portrait": "Smile",
			"text": "Enter through that door to start your first run at the caverns."
		},
		{
			"animation": "5-fade_out_down.gd",
			"animation_length": 1,
			"animation_wait": true,
			"change_mirror_portrait": false,
			"change_z_index": false,
			"character": "character-1724095471.json",
			"event_id": "dialogic_002",
			"mirror_portrait": false,
			"portrait": "",
			"portrait_definition": "",
			"position": {
				"0": false,
				"1": false,
				"2": false,
				"3": false,
				"4": false
			},
			"type": 1,
			"z_index": 0
		},
		{
			"definition": "1724175590-576",
			"event_id": "dialogic_014",
			"operation": "=",
			"random_upper_limit": 100,
			"set_random": false,
			"set_value": "0"
		}
	],
	"metadata": {
		"dialogic-version": "1.5.1",
		"file": "timeline-1724095701.json",
		"name": "start"
	}
}
