{
	"color": "#fffeff56",
	"description": "",
	"display_name": "Vrix",
	"display_name_bool": true,
	"id": "character-1724250129.json",
	"mirror_portraits": false,
	"name": "guard2",
	"nickname": "",
	"nickname_bool": false,
	"offset_x": -100,
	"offset_y": -200,
	"portraits": [
		{
			"name": "Default",
			"path": "res://characters/npc/guard2_portrait.png"
		},
		{
			"name": "guard2_portrait2",
			"path": "res://characters/npc/guard2_portrait2.png"
		}
	],
	"scale": 800,
	"theme": "theme-1724095911.cfg"
}
