{
	"color": "#ffff2a00",
	"description": "",
	"display_name": "Ilyana Cajeon",
	"display_name_bool": true,
	"id": "character-1724095471.json",
	"mirror_portraits": false,
	"name": "puppetpriests",
	"nickname": "",
	"nickname_bool": false,
	"offset_x": -100,
	"offset_y": -200,
	"portraits": [
		{
			"name": "Default",
			"path": "res://characters/npc/puppetpriest_portrait.png"
		},
		{
			"name": "Ritual",
			"path": "res://characters/npc/puppetpriest_portrait2.png"
		},
		{
			"name": "Smile",
			"path": "res://characters/npc/puppetpriest_portrait3.png"
		}
	],
	"scale": 800,
	"theme": "theme-1724095911.cfg"
}
